/*
 Navicat Premium Data Transfer

 Source Server         : Sites
 Source Server Type    : MySQL
 Source Server Version : 50620
 Source Host           : localhost
 Source Database       : armstrong_gym

 Target Server Type    : MySQL
 Target Server Version : 50620
 File Encoding         : utf-8

 Date: 09/12/2014 01:32:08 AM
*/

SET NAMES utf8;
SET FOREIGN_KEY_CHECKS = 0;

-- ----------------------------
--  Table structure for `admins`
-- ----------------------------
DROP TABLE IF EXISTS `admins`;
CREATE TABLE `admins` (
  `id` int(11) NOT NULL AUTO_INCREMENT,
  `username` varchar(50) NOT NULL,
  `hashed_password` varchar(60) NOT NULL,
  `type` varchar(20) DEFAULT NULL,
  PRIMARY KEY (`id`),
  UNIQUE KEY `username` (`username`) USING BTREE
) ENGINE=InnoDB AUTO_INCREMENT=32 DEFAULT CHARSET=latin1;

-- ----------------------------
--  Records of `admins`
-- ----------------------------
BEGIN;
INSERT INTO `admins` VALUES ('1', 'jake', '$2y$10$NTMyNzg1NWNmMTE5ZDkyNeeARCiSyjckJvnIhYa1wSlR0wQRvB7Ne', 'Trainer'), ('2', 'hassan', '$2y$10$NjQ1MTI1YzZmZjA1NGI5NeeMIJbKxCLd8Ug8vYk9ts7/WMSk90wmK', 'Receptionist'), ('3', 'shannon', '$2y$10$MzFhMWIxMThiOWI4MGYwMer.05Zorf79eTx8KDKBerhOyTqKbwLrS', 'Trainer'), ('4', 'joakim', '$2y$10$ZTJiOTgwMzdhNTViODYzM.Sg4Ob2yLH8c1DVvxwBI771HQLsWrgUe', 'Receptionist'), ('6', 'sediqa', '$2y$10$ZGFlYTc3MTZlYjk5YWMwZOs0UIeAWCWB2mJvytJ1WdLPq3jtTjxNu', 'Receptionist'), ('31', 'zilvi', '$2y$10$MWQzNGVhM2Y5MGIzMmEyZOuEPDwLHE5mEz0r74DKpJOC6XCNj6HtS', 'Trainer');
COMMIT;

-- ----------------------------
--  Table structure for `availability`
-- ----------------------------
DROP TABLE IF EXISTS `availability`;
CREATE TABLE `availability` (
  `id` int(11) NOT NULL AUTO_INCREMENT,
  `admin_id` int(11) NOT NULL,
  `monday` varchar(255) DEFAULT NULL,
  `tuesday` varchar(255) DEFAULT NULL,
  `wednesday` varchar(255) DEFAULT NULL,
  `thursday` varchar(255) DEFAULT NULL,
  `friday` varchar(255) DEFAULT NULL,
  `saturday` varchar(255) DEFAULT NULL,
  `sunday` varchar(255) DEFAULT NULL,
  PRIMARY KEY (`id`),
  UNIQUE KEY `admin_id` (`admin_id`) USING BTREE,
  CONSTRAINT `availability_ibfk_1` FOREIGN KEY (`admin_id`) REFERENCES `admins` (`id`) ON DELETE CASCADE ON UPDATE CASCADE
) ENGINE=InnoDB AUTO_INCREMENT=7 DEFAULT CHARSET=latin1;

-- ----------------------------
--  Records of `availability`
-- ----------------------------
BEGIN;
INSERT INTO `availability` VALUES ('6', '1', '09:00 - 11:00<br />', '09:00 - 11:00<br />11:00 - 13:00<br />13:00 - 15:00<br />', 'Not Available!<br />', '07:00 - 09:00<br />09:00 - 11:00<br />15:00 - 17:00<br />17:00 - 19:00<br />', '07:00 - 09:00<br />19:00 - 21:00<br />', '07:00 - 09:00<br />09:00 - 11:00<br />', 'Not Available!<br />');
COMMIT;

-- ----------------------------
--  Table structure for `health_char`
-- ----------------------------
DROP TABLE IF EXISTS `health_char`;
CREATE TABLE `health_char` (
  `id` int(11) NOT NULL AUTO_INCREMENT,
  `user_id` int(11) NOT NULL,
  `height` int(11) DEFAULT NULL,
  `weight` int(11) DEFAULT NULL,
  `bmi` double(11,2) DEFAULT NULL,
  `cholesterol` double(11,2) DEFAULT NULL,
  `heart_rate` double(11,2) DEFAULT NULL,
  `blood_pressure` double(11,2) DEFAULT NULL,
  `date` timestamp NULL DEFAULT CURRENT_TIMESTAMP ON UPDATE CURRENT_TIMESTAMP,
  PRIMARY KEY (`id`),
  KEY `user_id` (`user_id`),
  CONSTRAINT `health_char_ibfk_1` FOREIGN KEY (`user_id`) REFERENCES `users` (`id`) ON DELETE CASCADE ON UPDATE CASCADE
) ENGINE=InnoDB AUTO_INCREMENT=20 DEFAULT CHARSET=latin1;

-- ----------------------------
--  Records of `health_char`
-- ----------------------------
BEGIN;
INSERT INTO `health_char` VALUES ('3', '3', '180', '75', '22.00', '3.00', '127.00', '13.00', '2014-03-31 19:16:15'), ('17', '1', '23', '234', '3.00', '2.50', '120.00', '13.00', '2014-04-01 01:14:50'), ('18', '1', '123123', '123', '123.00', '123.00', '123.00', '123.00', '2014-04-03 20:57:38'), ('19', '9', '180', '75', '17.80', '2.00', '75.00', '13.00', '2014-04-16 01:41:01');
COMMIT;

-- ----------------------------
--  Table structure for `pages`
-- ----------------------------
DROP TABLE IF EXISTS `pages`;
CREATE TABLE `pages` (
  `id` int(11) NOT NULL AUTO_INCREMENT,
  `subject_id` int(11) NOT NULL,
  `menu_name` varchar(30) NOT NULL,
  `position` int(3) NOT NULL,
  `visible` tinyint(1) NOT NULL,
  `content` text,
  PRIMARY KEY (`id`),
  KEY `subject_id` (`subject_id`),
  CONSTRAINT `pages_ibfk_1` FOREIGN KEY (`subject_id`) REFERENCES `subjects` (`id`) ON DELETE CASCADE ON UPDATE CASCADE
) ENGINE=InnoDB AUTO_INCREMENT=6 DEFAULT CHARSET=latin1;

-- ----------------------------
--  Records of `pages`
-- ----------------------------
BEGIN;
INSERT INTO `pages` VALUES ('2', '1', 'Working hours', '1', '1', 'Monday - Friday:\r\n07:00 - 22:00\r\n\r\nSaturday:\r\n08:00 - 20:00\r\n\r\nSunday:\r\n09:00 - 17:00\r\n\r\nBank Holidays:\r\n09:00 - 17:00\r\n\r\nChristmas Boxing Day:\r\n09:00 - 17:00\r\n\r\nNew Year:\r\n09:00 - 17:00\r\n'), ('3', '1', 'Our Equipment', '2', '1', 'We recently upgraded our equipment by buying some new staff...'), ('4', '2', 'New Personal Trainers', '1', '1', 'We have a few new personal trainers with a good background...'), ('5', '2', 'All Personal Trainers', '2', '1', 'The current personal trainers are...');
COMMIT;

-- ----------------------------
--  Table structure for `program`
-- ----------------------------
DROP TABLE IF EXISTS `program`;
CREATE TABLE `program` (
  `id` int(11) NOT NULL AUTO_INCREMENT,
  `user_id` int(11) DEFAULT NULL,
  `program` text CHARACTER SET utf8,
  `date` timestamp NULL DEFAULT CURRENT_TIMESTAMP ON UPDATE CURRENT_TIMESTAMP,
  PRIMARY KEY (`id`),
  UNIQUE KEY `user_id` (`user_id`) USING BTREE,
  CONSTRAINT `program_ibfk_1` FOREIGN KEY (`user_id`) REFERENCES `users` (`id`) ON DELETE CASCADE ON UPDATE CASCADE
) ENGINE=InnoDB AUTO_INCREMENT=8 DEFAULT CHARSET=latin1;

-- ----------------------------
--  Records of `program`
-- ----------------------------
BEGIN;
INSERT INTO `program` VALUES ('2', '1', 'Shannon\'s Program:\r\n\r\nOk Shannon on Mondays you do...\r\nOn Tuesday you do...\r\nWednesday you do...\r\nThursday you do...\r\nand Fridays you do...\r\n\r\nOn Saturday..\r\nOn Sunday..', '2014-04-03 20:44:24'), ('3', '3', 'Joakim Programs...', '2014-04-03 19:01:14'), ('4', '4', 'Sediqa Program', '2014-03-19 03:24:15'), ('5', '5', 'Hassan Program', '2014-03-19 03:24:24'), ('6', '6', 'Jake Program', '2014-03-19 03:24:38'), ('7', '9', 'On monday I went to the gym...', '2014-04-16 18:10:35');
COMMIT;

-- ----------------------------
--  Table structure for `q_and_a`
-- ----------------------------
DROP TABLE IF EXISTS `q_and_a`;
CREATE TABLE `q_and_a` (
  `id` int(11) NOT NULL AUTO_INCREMENT,
  `user_id` int(11) NOT NULL,
  `question` text,
  `answer` text,
  `date` timestamp NULL DEFAULT CURRENT_TIMESTAMP ON UPDATE CURRENT_TIMESTAMP,
  PRIMARY KEY (`id`),
  KEY `user_id` (`user_id`),
  CONSTRAINT `q_and_a_ibfk_1` FOREIGN KEY (`user_id`) REFERENCES `users` (`id`) ON DELETE CASCADE ON UPDATE CASCADE
) ENGINE=InnoDB AUTO_INCREMENT=10 DEFAULT CHARSET=latin1;

-- ----------------------------
--  Records of `q_and_a`
-- ----------------------------
BEGIN;
INSERT INTO `q_and_a` VALUES ('1', '1', 'How many minutes should I exercise?', '45 minutes till 1 hour because studies shows that if you exercise more than 1 hour, you body will start producing cortisol which is not good for your body', '2014-03-22 16:45:50'), ('4', '4', 'Do I need post-workout supplement?', null, '2014-03-14 01:13:09'), ('5', '5', 'Should I workout in the morning or in the afternoon?', null, '2014-03-14 01:13:59'), ('6', '6', 'Why should I sleep early at nights?', null, '2014-03-31 18:23:51'), ('7', '1', 'how many days i can be off', 'It depends on what do you call off days?', '2014-04-23 00:55:22'), ('8', '1', 'How long should i exercise ???', '45 minutes\r\n', '2014-04-23 00:54:57'), ('9', '3', 'Do you think I should buy a pre-workout supplement?', null, '2014-04-22 01:20:45');
COMMIT;

-- ----------------------------
--  Table structure for `sessions`
-- ----------------------------
DROP TABLE IF EXISTS `sessions`;
CREATE TABLE `sessions` (
  `id` int(11) NOT NULL AUTO_INCREMENT,
  `user_id` int(11) NOT NULL,
  `session_entry` text,
  `comment` text,
  `date` timestamp NULL DEFAULT CURRENT_TIMESTAMP ON UPDATE CURRENT_TIMESTAMP,
  PRIMARY KEY (`id`),
  KEY `user_id` (`user_id`),
  CONSTRAINT `sessions_ibfk_1` FOREIGN KEY (`user_id`) REFERENCES `users` (`id`) ON DELETE CASCADE ON UPDATE CASCADE
) ENGINE=InnoDB AUTO_INCREMENT=24 DEFAULT CHARSET=latin1;

-- ----------------------------
--  Records of `sessions`
-- ----------------------------
BEGIN;
INSERT INTO `sessions` VALUES ('1', '1', 'Monday:\r\n\r\nI exercised really hard even though...', 'Ok good so you will need to do a little more and be careful about ...', '2014-04-23 18:18:54'), ('3', '3', 'Wednesday:\r\n\r\n4 set leg press\r\n3 set bench press\r\n', 'You should not mix leg days with pec days. The both are big muscles and you should choose one and take a break for a day between them.', '2014-03-28 01:47:54'), ('6', '6', 'Saturday', null, '2014-03-20 20:15:50'), ('14', '5', 'Friday I did back and biceps. I started with 3 sets of chin ups. After that i did 3 sets of bent over rows which was until failure. Then again, I did 3 sets of pull down. So this was my back. For biceps I started with 3 sets of barbell curl and then 4 sets of dumbbell curl. After that, I did 4 sets of pull ups and I finished after 1 hour exercising.', null, '2014-04-05 18:31:34'), ('20', '1', 'On Wednesday i did back and biceps...', 'Good job!', '2014-05-01 21:00:51'), ('21', '1', 'On Friday I did chests and triceps...', null, '2014-05-01 02:41:45'), ('22', '1', 'On Sunday I did a little of light cardio', null, '2014-05-01 02:42:10'), ('23', '3', 'Based on the program you\'ve given me I did a light cardio at the weekends...', null, '2014-05-01 02:45:52');
COMMIT;

-- ----------------------------
--  Table structure for `subjects`
-- ----------------------------
DROP TABLE IF EXISTS `subjects`;
CREATE TABLE `subjects` (
  `id` int(11) NOT NULL AUTO_INCREMENT,
  `menu_name` varchar(30) NOT NULL,
  `position` int(3) NOT NULL,
  `visible` tinyint(1) NOT NULL,
  PRIMARY KEY (`id`),
  KEY `menu_name` (`menu_name`)
) ENGINE=InnoDB AUTO_INCREMENT=3 DEFAULT CHARSET=latin1;

-- ----------------------------
--  Records of `subjects`
-- ----------------------------
BEGIN;
INSERT INTO `subjects` VALUES ('1', 'Website\'s News', '1', '1'), ('2', 'Personal Trainers', '2', '1');
COMMIT;

-- ----------------------------
--  Table structure for `users`
-- ----------------------------
DROP TABLE IF EXISTS `users`;
CREATE TABLE `users` (
  `id` int(11) NOT NULL AUTO_INCREMENT,
  `username` varchar(50) NOT NULL,
  `hashed_password` varchar(60) NOT NULL,
  `firstname` varchar(50) DEFAULT NULL,
  `lastname` varchar(50) DEFAULT NULL,
  `gender` varchar(20) DEFAULT NULL,
  `dob` varchar(20) DEFAULT NULL,
  `address` varchar(100) DEFAULT NULL,
  `city` varchar(20) DEFAULT NULL,
  `postcode` varchar(20) DEFAULT NULL,
  `email` varchar(50) DEFAULT NULL,
  `mobile` varchar(16) DEFAULT NULL,
  `goal` text,
  `picture` longblob,
  `admin` varchar(50) DEFAULT NULL,
  `freeze` tinyint(1) NOT NULL DEFAULT '1',
  PRIMARY KEY (`id`),
  UNIQUE KEY `username` (`username`) USING BTREE,
  KEY `admin` (`admin`),
  CONSTRAINT `users_ibfk_1` FOREIGN KEY (`admin`) REFERENCES `admins` (`username`) ON DELETE SET NULL ON UPDATE SET NULL
) ENGINE=InnoDB AUTO_INCREMENT=10 DEFAULT CHARSET=latin1;

-- ----------------------------
--  Records of `users`
-- ----------------------------
BEGIN;
INSERT INTO `users` VALUES ('1', 'shann', '$2y$10$N2RiYTU5MTQzMTIyMWI3MOlan8QhOS8ser7e4APJe6aiZGpjvlO72', 'Shannon', 'Greene', 'Female', '1992-04-02', 'USA', 'Virginia', '1234', 'shann@gmail.com', '07912431667', 'I want to get fit for my Karate classes. My dojo sensei says I\'m doing well...', '', 'jake', '1'), ('3', 'joakim', '$2y$10$NGFiMGE2NDQyYWFjOGI0Nu7MhbjJVTxNSL0J40jjS.GAlr6J42116', 'Joakim', 'Randy', 'Male', '1990-06-07', 'UK', 'London', 'W5 7OP', 'joakim@gmail.com', '0793457234', 'I want to improve my \"beach bum\" ready for bikini season.', 0xffd8ffe000104a46494600010200000100010000fffe00042a00ffe2021c4943435f50524f46494c450001010000020c6c636d73021000006d6e74725247422058595a2007dc00010019000300290039616373704150504c0000000000000000000000000000000000000000000000000000f6d6000100000000d32d6c636d7300000000000000000000000000000000000000000000000000000000000000000000000000000000000000000000000a64657363000000fc0000005e637072740000015c0000000b777470740000016800000014626b70740000017c000000147258595a00000190000000146758595a000001a4000000146258595a000001b80000001472545243000001cc0000004067545243000001cc0000004062545243000001cc0000004064657363000000000000000363320000000000000000000000000000000000000000000000000000000000000000000000000000000000000000000000000000000000000000000000000000000000000000000000000000000000000000000074657874000000004642000058595a20000000000000f6d6000100000000d32d58595a20000000000000031600000333000002a458595a200000000000006fa2000038f50000039058595a2000000000000062990000b785000018da58595a2000000000000024a000000f840000b6cf63757276000000000000001a000000cb01c903630592086b0bf6103f15511b3421f1299032183b92460551775ded6b707a0589b19a7cac69bf7dd3c3e930ffffffdb00430006040506050406060506070706080a100a0a09090a140e0f0c1017141818171416161a1d251f1a1b231c1616202c20232627292a29191f2d302d283025282928ffdb0043010707070a080a130a0a13281a161a2828282828282828282828282828282828282828282828282828282828282828282828282828282828282828282828282828ffc200110800a000a003002200011101021101ffc4001b00000202030100000000000000000000000001020503040607ffc4001801010101010100000000000000000000000001020304ffc4001801010101010100000000000000000000000001020304ffda000c03000001110211000001ec899df9458c06c88c1b0064a22e41190289b2236602624098449a345d464cefa024f588b62a6300001898842600c4a414b3c7971bb61bd622a61161426c892402113094926a293979dcf8b3e756ec35862068000a49962240d4658d03645b6bcaee6bece35749ae9cc6840242926a2912c4906ab9ad6136e55242f39b555bdcfa74641ef9c922a4442645c49c059bc618dc44911090aa56a2c78dcfcfa7a4bd5d9e9c9a611c79a86394bde2bb5f37aba2daacb5f479e23359c6278d341450df7252f3efa6c72df6f51dddcb02c2bec34d7c8ba8e4af3cdebf4ecdc1f4fdfcd6a2359c64496420385dae7b3af40c7cf624dfebbccfb8ab51624d6f12b9a99deaf673e9de1b7d7711d3e7d1ec45559de784d64c6dac3532d368c2ce6b48b6da4e7fa5aba65f48e72d388b78f9e353b4b477ab77e5d994252fa3f79e57d8e3d9ffc4002b1000010303020308030100000000000000030102040005111220133040061014212224313323253432ffda0008010000010502ea97c913cd3a2965410a2150a2e662b1b6f1aaad0aba7a2ba7f35b13db74576fa6d9fcfd15dbfcdafe9e8ae9f36dfaf9b8ac6cbb3f04b62a2b3999acd66b3df71c292db8d1cbc6f97af896ed58efc563918ac6d90e6ad5bdcdd99acd66b359acf28ce224586aed1b48e68c67be14cf8d20a38f1dea40f22e325002d742369780cd38f65f17f591df184465d609016c54589c8bc2b7c3ab078d0d46c2d3e1b64f129e2ac76865428814bb8dba5bc8bbbfd7680b345e46d636d2ef6fb269d22c549dc671aee8b12d1730021469f1a4bf72ae1257e42db93dadd5aae876a7e0fdf3dcf6429920c7753168a981f671741f75d6491a7e23b2d9a8d43cc5789855655b8ae347a291a21dc2692695e2e21784ca44d48d5cd599d875bdfaa3ed94fe39d513528e94695c3f2b5bfd0e7694ed09745b99f2ff0032bb28825f5113c9aeab14b73d6b894866ad67153cdf8fd0950a33e4b01158ad41891d282d56477f04a27715bda32a2993e51febcb9cd4f95ce46357544f6aafb8b52bffc400221100010401040203000000000000000000010002101121031220304142041331ffda0008010211013f01edac757af57af3c4f8e753e15c615c5f301358d0139b4554810606102cab46dd9e020c166c6e634289da7cad5d3fadc5a552db171a4db72d6c229a09385f2d85bb4bbf57ffc4001f1100010304030100000000000000000000010002111020213012314142ffda0008010111013f01db39d5f5abeb4caf6f9afbb653dce9c26ba458682ae0ee90802347668fc20644ae4172b0942ac2bfffc400311000010302030506060301000000000000010002110321123141203240517104101322526123303342728191a1c1e1ffda0008010000063f02e2c11af066737582119b6c783a5e5c4dba77930fbcf063f25fbe0d9f923d783a62c8f5e0d99648f06d182640f323872e0dd7bf955b837dc61c597e95c8d6dc1d4de9c66fa268124defc1b2604de3fd4cd072da73de61ad124ac1d99be18e7994e757aa5ce1cc26bcc491a7c9c379782015f53ad935c5d242c74cc8d9aa3d50d4df301ee9f49f577861b8403726f97e4b58e3bce43e21e687c44c2c020ecbd8ddecc20793b74a2ec0437ea34681739bfc98d00550b980e42e151731a05e2c8b3d2766a577e4d1fc94e35f7c99909b47b3b5c2a4612e3a05e1f69aa4161b5a6cb051a92e8988db93a2b3a71140fa8929d19851ea1b155d49c1af02c4a9ad51ef3ee7bdb745f68dd24e836cd26b80a7171085da80155e1a161155c7aa690f12dc8c64b13dd88ce711dce7bf75a24a971867dade49d700028dcd910b0b93da75087b6d17488c82c208919c2de0b797fc4ea5cae14ac3ad4202e89d1cd1e9dd3a841c2ce0bcf94c7709113cd6627284095e13779d9f45e27dacfed6271f098775ba95888a62000679a7cb58eb0dd4709b723a20756945df6854a9b49868947a27f544771470aa4c264e350ddef75fffc4002810000202010205040301010000000000000111002131104120305161718191a1b140c1d1f0e1ffda0008010000013f21516ab4341c161c035514500e15aae02613801c218d031c0390b8569b3c0f926d5402e862e5bd45aa8a61bd074e14370ce407b7e028a283d5c62bacbc5145aae6e0d6eb3da5455e3aa8b9aa2841a391363c44acbea4bf05e87403e6ce7ea13b9e0958e5a8a2d45abb0d47659a8a321c72570c69a462544a7545d332ab92c1b3bdc3f80114752188ee50623528bb5c7a2d45c99451450310b1c5e850071eb712e33198d1a370071c71c71ea4a04f4b882b881916da62e026cb3c0a2814c708d84bd70a19bfc825c8f6bde0d5062cc725c9862a1022c9ab19c41d6f504463d20a5811ec7a471c7a29525e8f3ff2169a1e51cdc90816dccb2a7d9c95a00d07c4444374ccf54c6332bd00cadcee78434ba03a90610809b15b8da076100ddb946a0aa365baf24e716fbbff008c21125d9b33f708157a147919f88f0eef8803e80f786b59c60866288bbea2f329c90e4db00836d79515c633e00663130463e4fdfc45139f9d896b203077eb1f7e0edea2c3fd80fecd5e91c1809a27794160d4ad31144c19fae33cd02cfda0658b27b41a60400da3900e4630e66f13244fcf84d021c8a37611ec00d2683fb088938926520086cfb45067222459027828fe7ec45c26d384900124a02506606ea1afd520e6272280e08f80e1200c8156d20c18432aba1802960466057a3727ea166761300dd1f84cc0752881ef530392e1c13490d88600c60949bd0a7baaa32010393309b9001ef1e274545d20021500c575e8feca574483fc811c2e5b67d8e030ea002bdf106cff00590bb002856f14e70fb1865066fa98976f04583e51e0739accc707a81080e40803d6017ba0491d7610813b0b7413ffda000c0300000111021100001049a42d00b1ce6bebdb5e4cc6ebefa674d6747fbb18c0f1e95a0ccf7ec0046812025abce94bed72d20ed0513b28b5fc18c41ffdb4aeddf85df1e002bc130a9bf5786344ce5ee5b7b698c4a0ffc4001e110003000300030101000000000000000000011110213120417130f1ffda0008010211013f10ccd6678421049bfe49084f389932d0f10a22262ca7484216247078aa2882a20acac55b84aa1cd32212dc3658c53521e10a32ee41364299346fc239baf0426e89ec4ae914574c8d16b9867a516262ea1f238d0e5de0d118ced203a177656feafe9fffc4001e11000300020203010000000000000000000001111021203141516130ffda0008010111013f10b9bbe74a51b6bf9514bce97816291a2bc2f1d2905c2621b3646421ac36922b4e9ded158e551b474392d97146d13568da28f6a0eb8252172e97504ca2701c1a2af04e43e84781fb6c9f45d8890417a1c4b629b69747ffc400261001000201050002020301010100000000010011211031415161718191a120b1f0e1c1d1ffda0008010000013f10d00817a908b60b711802e92cb2a02e673378430e39cca3b815a54ad152b130842541b7885f011d0525c70e6562540202a50c0ea54a84a95732de54a812a5a66203c06b428ee5b1c02c8070f3a2b32a04a8620e869b4a683b46b0254613a958440b95746f5fd445f02255d609879c710256806a46131fc6af518041c9d92f86585ae4eca4da8d04315034554a952a54a8695023a0b0efe036ff00afa87014b2594c86d7c68171d0a952a54a8b2f4ad0255e8b4a986dac5f1d1df912c350d2871c1d420cde511251abeca253a223a8d43c68d40d5ab991b7d330ea968c141ce0f35b97fc5957a01cca31eb2c4b40a843af4402e77627267ea186c0a38bbc81b95ee972f4bd0952b2a532bb818100f304d0ca6325296c1109edb2fdf36d787eaf9024a95183dc2b8d0bd2e199695021eb50aee05d982ee24c11d20b1b577a200d524b6ef1ff00b33dc8e7899cb682bccaae67e61531289f73c32da339f383bdd96cc4b182281ded0476541ceda3cfee1eb42a9e93d212bf53d129d6966f2fa6acb25cb65c057d44c42fbc0aa1ceff00ba8e40f54182e5ae337fe61a213ccb4db1226019811d87a75284a865721781c50d319de07912e40e194cad2a54a740f651d0604e206d3234d9f12d0b1a15d012b6ff005444541466d7c40f455892bdd586d705ad772b068c0b4b2dd461a6dc547b7dc04680b10a2904de24c60a5d1b70bb9eff000b972f5a3a4285a1babadea294801960b45fe1ff00907d6ec11c10ef996de179ae34f54989895a19e7b76a81abf72471dd52652efdd753929781d584342ec6d8cc765a446aadb6d8da8f6ae5cb65ff0020b8d216c95ff3bc40632a756b12f6cc8a78d4c165da079bc4ae890a70f47d8e97ad1c5bc2598fbd0429a842055ba0e2b62654f9197dabd9da5b4372c3c3154ce1dae3e97c358375b28f897a5cb972e20d4c6f0986766c8878744148d33c6e343f41295874792e9fd3151af1b403227e1972e5c708854059c5e3c431e1b074f26c3e883365228acd62258ed9a7a439f602abb9020a3bce7e32fad065cb9737a783ca978a5d6d30122aa15b6f5f9651782607831f31528c096cfc401e2b0346c07277738efbf90aa2bcb971079a5940b6bd8329777c587deccb6c21eaade0e6342394ca1c324aab86ff009147a1ac8e44d9f6a2b10bdf0eec7f27d4b684416da092e5cb9705102d5e0846de14f21b7df3006f055e850a2a93fd50099a366eee9f3b855918abbe5b1e1288600915f793fc545077a2df72fd1fee5c5bb951db816ba7ff0021f73e561f218fdd4af005aaeadbc2de7b005e2a64f817ed3202ab2392136004ada3043afbb82f35bd75bcb98747668295bfcccb4ba5923a9585141b95f22e1fd376b77f1b3f8633ee81290369f1918e23c6614b8b0ad64fdfee5a5a9685157239e62308281725155c5b14653437108df25bb40ddac76ae11ecfeaa05b6d60cdec5771b3005985c6de1fb9831d59e6c8c082a45c1fe256150dc2c7b06e60b2e506d469e71ec4832f2e32a332b451cb2c947d97f0469e5b0e478cef5e4fffd9, 'jake', '1'), ('4', 'Srez', '$2y$10$Mjc2NDFmYzdiZGUwMjc4Yui.7jHirVPd8.Rerrc1djVlO12hngTIm', 'Sediqa', 'Rezaee', 'Female', '1996-07-19', '1 The Road', 'London', 'NW1 500', 'Szres@gmail.com', '07123456789', 'I want to run longer distances so I don\'t have to take the bus everyday.', '', null, '1'), ('5', 'Hassan', '$2y$10$YzJmYjI1NzYyYzhjYzUwNer4b6ZEVW4Kf66XaNmZ.CEjQpsy60dvG', 'Hassan', 'Azimi', 'Male', '1986-06-13', '54 Kensington lane', 'Essex', 'PR3 A33', 'hasan_azimi0@yahoo.com', '07912431667', 'I want to strengthen my wrists and forearms.', 0xffd8ffe000104a46494600010200000100010000fffe00042a00ffe2021c4943435f50524f46494c450001010000020c6c636d73021000006d6e74725247422058595a2007dc00010019000300290039616373704150504c0000000000000000000000000000000000000000000000000000f6d6000100000000d32d6c636d7300000000000000000000000000000000000000000000000000000000000000000000000000000000000000000000000a64657363000000fc0000005e637072740000015c0000000b777470740000016800000014626b70740000017c000000147258595a00000190000000146758595a000001a4000000146258595a000001b80000001472545243000001cc0000004067545243000001cc0000004062545243000001cc0000004064657363000000000000000363320000000000000000000000000000000000000000000000000000000000000000000000000000000000000000000000000000000000000000000000000000000000000000000000000000000000000000000074657874000000004642000058595a20000000000000f6d6000100000000d32d58595a20000000000000031600000333000002a458595a200000000000006fa2000038f50000039058595a2000000000000062990000b785000018da58595a2000000000000024a000000f840000b6cf63757276000000000000001a000000cb01c903630592086b0bf6103f15511b3421f1299032183b92460551775ded6b707a0589b19a7cac69bf7dd3c3e930ffffffdb00430006040506050406060506070706080a100a0a09090a140e0f0c1017141818171416161a1d251f1a1b231c1616202c20232627292a29191f2d302d283025282928ffdb0043010707070a080a130a0a13281a161a2828282828282828282828282828282828282828282828282828282828282828282828282828282828282828282828282828ffc200110800a000a003002200011101021101ffc4001c0000000701010000000000000000000000010203040506070008ffc40014010100000000000000000000000000000000ffc40014010100000000000000000000000000000000ffda000c03000001110211000001ce346a05b46515d782bd61d02b2670b5b04a40e854110492038e4200d9510384a77714b45b65dd94ceea49e8a2c74894a8cb7d4c944eb1772b34cbe2e6563abe70302024181b1858a0535e7b9e5c055c553891b9639246e784ecd91132c6b9a1162ac35b891365abb82854fdfa14c4465e187028285ecf457e6854494b5198eb31d0a6ad4e7f4f2bcb42a25d2e59dbe342a7710b643e7cb92351b2d6829c861ea28bd1ccdd4a40d413a55f0353b408632a934560cf1aae59e1cb225209636e12b72ac8686788880bc643d6c9bb1696adb936bb779eb5921b29d02bc489cf70337e8b509668474332a690540e51741bc8119cbb71c22060f2f06ecd396ce4e6c750a4c70e5cc6265c62a07878b464d8ca69e3b18d474ea58d63d7704628e131f1a31c0a82688e08d8450a1c707001350a504bdc3b51a187e8a090ba3c7084110c40e00c070cb39b894325c2ae332aa901ddc3a444e202253844a18bdc08071cba3a297db30182677a3469e7042c35e03bb8ffc4002710000202020202010500030100000000000203010400051112101321061420223123303224ffda0008010000010502b05ec6ea9708afb16f268413b02af498a6b725c8353650d11f667b273bf393f39cf19db0a73fb31f8525777586f45f4264fd3c88ecda8b64584153cb2a8786aad0ccec35aa663e9356c3e40f998ce79c98ce338fc7588ed85af195c56101d75a14da19e458106302742d6de9c0e6aadc5c4dcaf13855e2f2675f6059fd9e7c4fe35a988075ea3b46ce0437ddae6fb2a0976cddabddafd5dd892b805afb759c37aad849814f1752ca35b709bf51f41b3fae731c49e44f9d75dcd936642bb160af482c6c43adb68db58f8d9acabec19b12b7abab2fd6b0c57655d4eb59e3a448a7615371a86d02721aaf313e100f43547cc6d4989846ed835c8fbb6b5999b49b697d7ba476ad03092eff0016cb5fadb6742dd94f68ef15316c6d4b4e3239bdf6f6537eb424b23c55be024ebd0f7012edaaf516d47c4976d04a7a2fedeb61d9eb66f3fdf6285f3a47b033b27a1bbd97b4ea95d5b2f9b277d6076a60f2dc7719fee467cc6259c629b8835db4b51150a7605f7637a1e1b551d5c29f140f8cb052136ed58d92ac555eb28fbd82aab6580363f719fee4647071f212a66259959e1715f6810cb3ad6c06c2d939323d712a821ff9cae5ecc9b73a80b87ef55c60b4943ffa3b042ce792c8c89c898647c8125b8b6f1946d4598bee6b619a569d495c8489f5c11f68d50f59d9b1ed654f500dda6861a94098b47db2159098e7c4644fb63e4096cc43e40b557176a3e73ea6427ab8bf7d720e2bfb15d8c05529981892c39c50473d7ab667271aaf313ec8f91903cad625474365efad763eea6c5295b6929dddda05bea4b256407ce0f133ebe33b17b0e4fcad98f5f1e79ef1fcc82ca56892667f768d727bc5e6869f5e3f54c927b288951579175401b0f1384d82508177898f9a7ad6d8ce7145050d0e85e3fbe2127190ef5c0dd68658b96ac8f5c90ceb9c6719c66b6a1d83e6ad528fa83d58cd675ad1fa90cc304c644b22223152b1c9eb9c46768cef9279ccfe1fcc2d833ece679f15ef2c936d424ee84247fbc4946739ff003307ce4ce4ce73919ce73f9f69c139cf6611617ed1cf989c9f119039d738c9e7f1fe676ce72722727e7f21cac865962fe9cb5236b4b6510632333f8cc7fa9212c3d2501a95b0a22637bad19868f52f313e27fd3f4cd0eed18e23c5a8ec1b75747f9fffc40014110100000000000000000000000000000060ffda0008010211013f0149ffc40014110100000000000000000000000000000060ffda0008010111013f0149ffc400361000010204040404010c0300000000000001000203111221132231410410516120324271231430334052628291b1c1d1f043a1a2ffda0008010000063f025345650b38590dd52aa9123e76ea96a99570b45533caab9c9fe9eeb06322436454999bdd5115a58f1b1f9b99d519aa54d48a35b47c9dc6c7a21c540354c4cfdff6584ffa66ff00d2b85811c03c4c3194eee6ff002a9819e770ddd1176bc6a0abf8f22cc8e1a04261758a32dac9f213a73230223734a96753dbb2c5826a64e648f2c372adb678f305531c5ae0661c3558b0f2c78673b45a47a85378c2e2dbfe46ff006eb0f8b6d8f9620d1dcae7c3225655f19b30b1a1c2cbfa210a0440d9eadaa499c344b459728cd0747d8ac2779e79ca86f76686f1633b11d107b2ec2b19834b3dbf69a99c57091250dd700fe8a51581d0de2ed2a70aa8bc33b43bb57c4616cfc341bc9511506fa762b0f2aae7276c46c844e24174ae4a31a0bc3da04ec9efa333b60bdb64e793122449c9b0c681c9dc371561bff2b2caea513e8621ce3ecfde4c86d01d08dccb75370b6c1505ad0565d3c15440a6c120b063e9b3ba22d2b42a45ad2e3d5501a2127c5686d6c26564e892027d14dae22ab192c52e9bb62870f1bf09fd93e2ba521b75502719a4387d093e4f6586f39ba15308f8f0388d7d0ee8b3c39f6d954f6003b20c88db7545c0643ea1fbf2eea889a6dd902dd42e160c169313f5ee544a1f89c4fa9fb0f64d1c4304463ee0bbcdf9ad4be16e376aa9a7c37e620c6f3fa5ca9a73744224194b769585fed4b7e743aeedbba1044369ac4dce1aa38798384ca6e1f91ada44d49872f5529e889f048eaa4794c2682651dba1eab0c0a7b27bd8e945d9bd567047bf29ea0a35ba80dbd487ca98c9e823377f759048aaa1e42761a2b6aa8172b3192bb853d7c14bb5d8abf20420d892c51a15d935f0cca27abfbd516f45f28a670c1a5e14463dbe6d03ba2cb3308eca4cd15cab22e6dce8aad7aa36bf298e74bb5d8f30422358a07e6a51261aa673097458601356db2939c4711b3fa274376c656565accf65375822de1c1becb3cf9c8a98d39c8ebcc10562f0f2c4f5b3af708112734e9ba7466b4189a0f74f6c58127916730ab9599cb2c46fe48d2eb27d1673b7e7a5b952ef166cbeea4d7397c37bc7e240478ae7b46809f1e523bace715fd068be1426855f293948f2cf35945faf3d169e36f0ec018c1ad3eaf7e658f44b3949ca9225dc2a5fa75faa48a91f1ebf52ba0c84c2e27468598c36f69a9d21c3eeabfd40345d0b673e63cae8bd814be7f15e34d3c041465e0fffc4002510010002020202010403010000000000000100112131415110617181a1b1f02091d1c1ffda0008010000013f217ace5975e1a8591718bb220aa06e61d57d4b96e17f60961a6c63df71eef159ca278f321447cb8398470e32286488c6731e142e3399be6b894f8dc22a906685e1ea1df00620c7a2e3497db583493e4128674c5bb853f83119872c63e020217c2caa1cc403631db13818beae028a40bdaf87a2e5a0c585e1fe9087295d441f80057c2112c4a5cabafde2159c0a15230435831f05f1716056932160468035d92b13771acd4d23dc35c4b28a3b94a9eb718c2eb713ab3a4e2952bd2a7982b503a9ecf4ccab383fa7c4d660aeb76def717d714ec6b9781e11015b6d473b3744c9896cb8ca130275ab10b79cd6e6fb3dc6ca20ac4ff65ccea57e7df85094ca67d9f9859d4534638c12feefdedff6ff001310f6cecf52ded23031d5fbcc460a41e3db38773e09505ff7dcaf0d5116fd3295e297e06a608b14964ab198f2ae3e337b861c5c5a711a9a26d350c95676eb997c12391e9266e1eead42cd65e518f8638c90d555a28380813e8af1e8ccc594d99b20b4af64fdb8973057e0748fef52b9ce6f12ece7d452fd2ebc2a8372aa5f7005067255f338236b22693b8e10c6e0ac3713642e0aa3e8cb49d05c23308dcd2526f4f4a06d5d2c63e92e264c370feb110d836d7d93df8009727b7e6290d76993e93d87ccad2e61a43e76b4cc4251cc1e943e5f4f896c0af2da3c585452a667cd5f246ed3e9119fb836def812a085f6794dc9b93b8e51de476d1d145c3f6aca3e1c3d5ee2126718358d8d6a58b8276fd90ed4259375f9609dcd1f0e9a6f32b0c1b3f0c78d4d5a269417889f12b83d7a4b94cf29a3d3f89879e30ca57a1bf586b4edfbb1f88575a4b8265356a14d424dfe596b996008f07128cd2f811066a7f163314731d89a84c36efb596a1dbdbdc0014db1fb22fb5f5a65a2903dea5b3f60e2202b94aebaa8e427a075a4ba4037ee20b9d6ec7f9180ed72ee1d4724c2b85d171ca9015ff9aee057855070b58250f0101d4ed943cc5f80ddee6db6b26447961286055bb8d5d72c7dcfb40f5752bf28945ca3245768dba624bbd19460d99bc695f5b0d5214ddf5e155e9f27c66094df0ac14929ce0837f0992d2e2b8f999755a9c2b80c4b41586783dd459bcbbdd3ea5382b5d58cd0a13156eaca547d1a1874568e25cc47c918ca9e396793e7d45a636a2914b14c0d53f3ff00d92f16005e0f2318e5434c2b8f8dc1be8181bf87fd978d43d934387b1949f8c2251023ef09924aaecfd2ff00b9b2dc5c0264ae4769c6c63d5c3a7caf2dcacd1b8c189f6ff93ed2189bf2f91f8999245904bbbafa1e05fa9f39f3228985e0f6b099730f87f5e638a3bd971696ea26a764fe8f7a8ebc0914fa7132cbeecb0acdb7116ebef29d088384e8a9773447fb95db2a6d895859ae97dc22cbe284724ae4a61888800aad32ad3668214e47ae93353f485b798633dc78cf49adcb5f5e1f2b6980dcd730580b392143825e3838638661a66fe4ccf8898eaa0857f85307699114ae105935866ccfd18e25f7e2846891478ed9727fd8fe08f107cab95e29f32b1f2e7c5a9b9506a39f17e44d52d510991bfb9ebe0952942e0371e6a232d9fc673078b8ff002a080a00f0c3d31213bb7f0fffda000c03000001110211000010f18400134220d24f3c114a04020904e08f2c228f30314934120104e14328830f20208308630634834f0c62492870c91cb0403c304e2c420c20934f3c034a3cf24c3423cc30b30330508a3cffc40014110100000000000000000000000000000060ffda0008010211013f1049ffc40014110100000000000000000000000000000060ffda0008010111013f1049ffc400271001000202020202020105010000000000010011213141516171108191a1b120c1d1e1f0f1ffda0008010000013f1018cb82356171636052f7739086aa2cb0c8223a21ada2ba65d5cbc125d0bc42d8e85ce131ee65dc6267a29cd4a063b1750717c18b01953772c403254b49e500543a245837a11e96ca2d1dc2942256da6c6b9ea54c8d36bed717043edb3683dab8329d656b3abee14e152526c7e2dffb9ca0caf2ebe20462c597144c0ba4892cba54aee0bc144cc1d505c0fe4444b8bbfbfc70b1c86afcdc33abaa397619ab17c00f6cc31d9c54775de0bfcc610640643e1ffbf896cc2b695bd31d784474cb16cc4045a076d0a06722aca8968b2809844e6bf3051f43c328e62081dc58fc00cd21c46b1ae162576944c3a76bacc231047a41ee5486ca5a53751663f904ce9db4b1f4f4f82b6d405abcef808e30bdaf8439a80536e6e925681c3e72ce4a323fe256831409d9d9c35d29d50a2584123163054178bcf711650417e011b053c88824aa3bd33c0f3c3d8d2725666719f16f5febcc116abe8f101d81e594b7338a0580fb6095946c84870041b754c2a36676f32fb952c34425bc77d20a492dc53754d5cbbe7c47300bdcd502d9e50a5b2d995255fcc1d8f8953b6b8d20a780d61dbc453ac92e9395d23b96015a05a72cd5b9aebc1650eaa251341a306fcf24a8c023b6abd9a1760f0915e616c0e0cd8e84c3e1d8241b0efe1d4070f81c0bb160c72764324a185e3cc14700dd7894963d7a4d240565984f8a60c5f5148452e2ff00171480c55d65f2071a833dc29a85079402266852f9179076464161979706c86d0a1b89389046afdf2aad367a97ef93309f37e4614e22a09868f872ecce51ba92522daf498c559a2af0c41c22de403b7cca034aecb1496ef97c2c7c6b56c6e90803709c7f95965a87f537d7644368370bd0ec618de9bc344dbe2aa2aec4711f6543165e3453d5cc07860d33843bddf7988222f90e6a3c15617011b0ec877c703c5a0a055788546a684eaf8ff23a809847e0e8f678accdf11aa6644e8d8d2f4aa08173c6be6b47af4d8ed2870258aed226208d3f0aa360b503228895af5a672886e57b76ba8155d51efa5c6cf70b405af1ef981a6bac05ec65c835014db54efa4c3fa951cd9c9d11b599aa2ebd4cd006edd9c781fe6246985354bd5f66c7c4798e0acdf446a575c5b73bf1294b8373606f9683536c48f81a27a9d98f12d5e62a381e2212b0c3b25bb979f8da2b157162a412a69b6213c59bb8f1935cdfed31153acf98955a94c2ed69fb832e15a31dad87b10a5afc788430d77595fe264842de13c92d0877bbacf67ee02c9362bd80340d57dcb71c20b76dd1d211bab13000b565bdca041551449760cd5cc8153b81cd0f10025210f84724348b02575fbe350527ee2d070953a5588c1c685ec13fec60b72946a8ff00c6a1f2ac5e15915d9e3fe60d1d5112c1a77e44966d51b50f73ac22fbdff98a0e9ad9774ad8dbf4ca5a0094a0a5720a6d2b3dcd70554b2082da113943ff00101c6c665fea116ae18c92a05607016313fd06c431cd6680f37a8a692bc44a8ab9eca750eb02f6c4c548fe63d566bf88c945588cacd00233e1ee616006597d096838f148afb941dc0876f8644c5af2c09ab21b54287639f086aaa81156df9416ebb2af199815c12ebd4a587c4b30d6bf9944c1564bda1fde0532c51aab2c0fd45186b35e84c9562bc9f1894e60d6a0450fb88dae13f731d5d31aba2ca6724a1584d9e503dcc227186333c39a651b54a1a07f96e372c4db5305585387fcca243a4de2d1a57271c47c95188da51763588a6f3daaca0cff005dbfd47128e5bdafb8700a182796705c551957806bf4ca430360b0dce4fca3d7c0d3002a05ed8123848602c53203632f580c000b8b1d7639dc3d01e591540bde16259539bb156400bebb661a057a8ab7315bda29e21415fe25036ce59fa253528ffc244739ba1a7e8c5921b35625d3c68be205eebe6db32f95d04540bf35b8ab0450225598e5673761f03529f569ee0900a9a00dc56b7cd95ff740b3cc676466af8b835bb6a9126ad913ab0efccdc8947bf309cfd997e9f5198cb72766654ac64a2073aacfb3cc5163d2b54f0f37ac4a04850aa3f2ca297bfdc4f6094c50dedda025934f6773780cc2605f1a3f30205ec01fac7d4bd4ebb66d8fb5323f6d9a63fb58ae83ea5fc0ecaa895c5aed99ff00146faa99b1245d271e2c273eb997e65f3f1680d02cac23de20fab43be20455a25244ea0eb13df71059b9bbd860dd35b1a480162e0e73f89adb996212ad71dc1c2cd752ce055e8398d2dd7a22ad53823730f9c8b9f716c97ee634a4d1e25415aae2205f5ebc93ca7e340d4e197fe1b2de9f0935b7046703439495acb9d9b7d5c4f33de613809cc977f3c2b94e9138a2115e7539112db68ea628805b30c2b2231dc8c78db3b39833d8d079710b3217669ef07ee64e90aa9f4831d341aa12c983f34129c9055f0691e287ccc989914fc861100cabc44f332ae7c8fa03ef9850c47420cafe15a20df495fd1c2c40f806a51209716fe77a998d3209a7b824280af8188750a21a142bfa3fffd9, 'shannon', '0'), ('6', 'JakeB', '$2y$10$OTZiMzczMDczOGRhZWIzOOMr3BoUmr1Bpiv1Lgwb6PiJPL.cQ3TdG', 'Jake', 'Berry', 'Male', '1990-10-11', '12 Baker Street', 'Peterborough', 'PE14 IXT', 'Jake@yahoo.com', '07989139133', 'I don\'t really need to do much more,  just a tune up every now and then.', 0xffd8ffe000104a46494600010200000100010000fffe00042a00ffe2021c4943435f50524f46494c450001010000020c6c636d73021000006d6e74725247422058595a2007dc00010019000300290039616373704150504c0000000000000000000000000000000000000000000000000000f6d6000100000000d32d6c636d7300000000000000000000000000000000000000000000000000000000000000000000000000000000000000000000000a64657363000000fc0000005e637072740000015c0000000b777470740000016800000014626b70740000017c000000147258595a00000190000000146758595a000001a4000000146258595a000001b80000001472545243000001cc0000004067545243000001cc0000004062545243000001cc0000004064657363000000000000000363320000000000000000000000000000000000000000000000000000000000000000000000000000000000000000000000000000000000000000000000000000000000000000000000000000000000000000000074657874000000004642000058595a20000000000000f6d6000100000000d32d58595a20000000000000031600000333000002a458595a200000000000006fa2000038f50000039058595a2000000000000062990000b785000018da58595a2000000000000024a000000f840000b6cf63757276000000000000001a000000cb01c903630592086b0bf6103f15511b3421f1299032183b92460551775ded6b707a0589b19a7cac69bf7dd3c3e930ffffffdb00430006040506050406060506070706080a100a0a09090a140e0f0c1017141818171416161a1d251f1a1b231c1616202c20232627292a29191f2d302d283025282928ffdb0043010707070a080a130a0a13281a161a2828282828282828282828282828282828282828282828282828282828282828282828282828282828282828282828282828ffc200110800a000a003002200011101021101ffc4001c0000010501010100000000000000000000040102030506000708ffc400190101010101010100000000000000000000000102030405ffc400190101010101010100000000000000000000000102030405ffda000c03000001110211000001019227d2f146c992a0e2584284728c8436a06ccc22e91299ce4111ee88dd23e0d64c910f3db63cb05f2cec4e9606c8dd66164ecb21495b51f3f86aaaaa3f8acd3ddbf8fcbdb0026e2bfa63275e4e433bdb2d6def7e22259068324e4595c92b7522e93a9b2389ce94a1a2e7bf448226f8fbb439ebf729b3faca1e7d06d1d197db8de402da74ca3babc0e02a3efc61593ac62af0c4938db714cf9fec038b8ccc847d4f1e8f7465d8ee384d45a42283b73d834c8fd5e71d09ea1789683711c9ad61917cff0060b9bd379b9708589cf6d9c330bde9297af3b29f1b612dd8d499ede7781e486d677f969b352fa32a4fd71a0e006e1d2f2a81a3ceb69e3fe9f86c68085a52eaa9ab42480b0e689a126e6b389beb5b3cce0f5eeaf2677aa4879e3a86196de009d16a5e7f4d2d2d8c0428f57a5beb329a8d658dce7ecadc12459501d096d44afe3e7c8ec9d9a0c97ba5b33646e71b2c5a21b7b5e35e8de73e931a24544e0c9168c6aa088910f60e3ea5658daba2a2d60295719b1f288bdddf946a2aa90e1f377d1e5b43a9c2915a1921f215529aa8271aa7ffc400281000020202020202010403010000000000010200030411051213211020220614313215304144ffda0008010000010502faea6a6a6be9afb6a6bebd66a6a759aff4ebeea7d902159a87e35f5d7c89a9afa86d4ef3b6ff00d6045ae789a7edde3d0e8231ea1732966ff56a2ac5580081500622355e466c2459ca02a8e9a1c7397c7a576d7005b5e80f6d4c23e8041ea7785ccef0b4632cb0eb90afc9464d55575f1be315d5f8cf5b44f217c7027a6160fcbe9bf9dc31a32cb0006eabf1f180819a236e2b0406df5d8c3ee1135f3a9af92091a9d09993fdff00b41fd906d8a6a2d9f935880599e05ba9a9d66a6a6a6a6a7e309dcf4258e057b165757f3ffa6af56bd1ecd67b7238e5f1d31ec74659a9a9a9a9a9d675846be0cbb93a7b619de52a759d7f3f6427b1936a514d2f564559405b455d7c3b5366a5b7575cd4ccbd93387f1a266a759626d1f0722ecab307f6e1ca5719abb2291bc75dd5cefac3e1f2912d5c935650cdf1d976413914e65b58beef2351c81f258fddf8fc81918965aaa9de769ea563b6465b29a1eb3b5b02844f6bc89f072f983202fa6b1cbd8cdd920fe4c5aacd3a3a4a9984105d59999685c4e3f23c98b93c8b50d95656f55f6a2b1244b1bb3776ed71f7ff0047b2b8ef2ae32c634f128b2ac5090d4e67821c2ada261d692bcbe933f33bd78b90e1328eefaadd2dfb4bad565894f5adc769629ed87c6e45a3038f7a8be21b29c7ac5950ad043f1a9a9a9b8dfcd6741be2ba54e2e48acad1564ad7e27338d55715d0d12a0bf18df88fb7fc95a1316a7694614b3bd138ea5f22fc8c6ae8c7f6c780454e3fe7fae5fc1f827e062da4362da25383906bc7e2d556bc3553cc0b9323f4dd3b7ebb1ca54b4723c1aeb07e723d0dc3ee768d6a08722b8d962574a82b546ac79c09a9fa813cb3f4b1d4765ad4de8793c2cef067769e4510e4d42645de4aeb7c9ebd2fd1a0b37edd04f124f0a09a9a9fce5c206b95c85193c5df6e2db8ef933fc55b65afc4d9d69c568987403936d78a30f32cb6d844d68c4687467fffc4002111000300010304030000000000000000000001110203102012132130314071ffda0008010211013f01f627e8ed8f4cc746e349e60d137454b7d3711969f9a8fd2a43e3378b23b688421365bc21d14ed18e9cf93a0ac42e34a52707ce8be97fffc4002111000300010403000300000000000000000001111002031320122131304151ffda0008010111013f01fc8d776731a7757ecd7bf35442d555132e591b208dd8d9a37548cbfc126c5d28d8b17569399bf8265294a3cdf453ce1cc6bddbf0e52218fee1e61e243c9e1e17bef06bbce931eb14a53fffc40036100001030302030505060700000000000001000211032131101222415130325261711320427281042391a1b1c140506282d1e1f1ffda0008010000063f02fe5b6fe1afdae0ac2b83a49c28dd1ea3b6bac6973644928369f75c60a2aff0d97a2b655f42472ed2254b06e2d3ba3aaa85ad6dc70dd16309dd37d2749ed87111d13452c9e7fe53436d1d15ccacfb97ed72b6f3ca76803b1d54ef6c7aadad66e6e267b47176139bf1f2f34ff98afecfdf4b1b74584fb5c5d7b57b4d3a7e28ed1f4887faa27a30a3b79dd6e1728a04a75422c13c8160555a7632221320db684e67317d0ee75c09d1a186c204698d5de89d4f65e63366a66d12220940bc86ada2a892a3789416de4e2aab2a3835ae85f6ade5303b174f7b0fd50136527a426ee036845e733281e6dca7439b204e97594f37b3c9fd023bf0a5d327aa222ea66de229a24170e6152db68d1ce2729a0f781f72431ff8287b48f50ac634caaae06fb5519ef45d0653f14b8fd516cc79f44e14a8eedde252426b45b6e029799d01d01f384271e8b8dae71f585c34d815d5d71301fa2e16347d11cf55b4608bad80fa27475526f0b7d23670ef046536b1bce148669761630f329ded1adda7ab939ad816b6d6a63c977109cab3476749ce7305badd4529ca91dde5e4ace7cf59884ed9b774c130bf72bae9529f81e47d33fbf6360a034e72bef731e2443db6387314c6d02f2423b8c03616e68fde1681cd7099e239f73e767e63fefb98d2f72bbbf8a1c05c7fa426b1edda1c62ea1ce27d15a98faa2d2e7ed18556a8a84c70c725c585598d6f007582dde23ee5378f81df91b696bac2bba17787d15985583a61775ca80dbd4fe5fef5018e0086f5caaece59945cf21ad1ccaacfabbb6bb276c16f450c01b45ee8701dd1e7a713805df94f631b525c33084b003cc92bbed1e814d6797a1b40d31a8f2a67f5d2e9ccfb3c0634c5baa7102c4459134e9b9c4e7da5d3aad67097726a8911cec9ada9eda1b646cd2ef997c00c6146c739be4216081e6baa3a1d3fffc400271001000202010403000202030000000000010011213141105161718191a120b1c1d1e1f0f1ffda0008010000013f21891224afe2151227454a952a543a35d2a5471c7f0cc2448912575a8404d7b8913ad594703026a34330448c24a952ba03a8b3d09125746f4e8c150c6318912575a8cea55965a5e2f51c1dd2e06224057a19599acb86825405688f465744952a116ee1860868a20214a025c53e30c491d788b96d0ee0b84b1adc2459564cfd24115cccc50a92e3316a4512a54a8d29090c45731012fdce4229285c217851c84d449a2cb2cb02c9e7d4392c3253662607b70cc2f35c42c0e095b38254a81d1c3a542339a4c99b855939a6e01745a502cf30506daa69587ec3772ed147b4b31b65f2938c4768ec7454aea543510d352c6d58f171b8eca559b098a0519435e163c451681cfa826ee0e63f6962077b421cca3876ff00a8e7d67f8e1a683a47b12e430a94838647eaa6f65bff0004ac712a5896614a962e65da6ff1d4a7b83f352e19f2c06caf4677297c9fc45eb684b62e589ad83c73e7b40d958abef896161663500257a8a0235f52b9e58437d4ebbcbeb546fee12ed74bbd59705766a0b95c4385329e18c2c08c04a54bf89207ee2109a733830862654adcad4b0f3d01bdf6a6e5f72abdbed19e17cb1238e4ef30cf00499eecc4c615b0deaa5b8080aef0432d4897f909f367d0891cbd784bc34778cc05b7410a89306f188d913928c0c57628b9e4bec7487930b6a0a9c653bd10ca20766a20f3ab0cc2d3c60afd88e701cc01438de2bad4a0160b2f73b8f1177f30542a3ea30d8262fc46e24f9c514f57a2228e1ecc0aef335e5ca4a75855ee1dade0f6959996cdd2f1f53b3b1b35e0ceef61da13b3dae616519757de28544335de5cb3a8381cc289cba9454a29f69978238d2237c0164be6bc4dacfd999a7d312fb69cf7c063a6d95a67cc407c4d3b901e008785cb8ae6634421f257ccdb7bd6fe41d9687ea544e5eff2d7bfea3e616f9b85a566ab1cc06bc5985fa94fb1a0cdf352c0e7d87196307575f39fd822e0ff00a4a9e90f1e870df31c58d6e2bcbbbcf9829ea36a1b2b405ba800dbb5b70a165b398d6bbde14298a6852b3611fa66e32f535a9eb81ed87454a22fc4bf33e1f6cbcbdc4c5cc5b36d4bb5aa9860f98488398107f5112c646e1fb9498e4e5b3cc7115050e543a7c431705b0a6fa3d37f6fd9ff005f89ee73e38823876621e3d1295bb419d234f084912f2540d058b17dff00c47373e310801f732943f5647010aa4e2ae579e622a03d8e61e1c9b714e6a546467aed8ae972dc5e3e62322a55f91fdfe4c761bac6664b78713d3e65d52fdca4667b4016ef6bc5cb8699a61bb7f744a7061cef6a457a03d1308a2f28e8e5aae631a1b501ac7feccc5c14a08582a0c01d97e3703fc9f8a27b99d5f32a72392e6040f9a2e26253307cd4411e0e59ef14a430805c862e65157df898b2678ac7e430aad417301cc747fe60ff00532c75396216ebb261ee8f59b0d879b88125b4e8ccc00ca67ddb318b9c54a09c20633eb305325cdabe2253b27944ab81ca88de7ec04c160c160b88d6f6f688360f0f79614defdcffda000c030000011102110000107d0dbcc0681c4fb696543971967a286ab228be38f9e025e45bd784782359209daffa06590af98934598e96f7958104e55d53e3397f8bacc619ced5384932f48d7359bbd0f4b9ab18c2efc5ffc4001d110003010002030100000000000000000000011110213120415161ffda0008010211013f10f2b971ac4ae1950d94a52893647b63bd0fb46eac45c133556512e4a36c7b9343051d81f40ed565c82e5078d2843b7462314413d96aced0f847d0edcb18cd8bb2e0ce96d73892ef2ad57e46968921213e4e056c9e170cc7d8ddf1a89b567272422223ffc4001e11000300030003010100000000000000000001111021312041516171ffda0008010111013f10c52945e0de7da88c42cb1922fd2c23884465151a2718b0cc644155d9023d914e257a748e23c45841e9366c8a2768b49215c9020d5438ca3ec856eb13f23d74b64897d091ab072a2294d3438c67c191b1391f47fa3441b6d41b94761e82245c5c478285c825e1b1317e65bf4a933fa135e8fc1451ffc400271001000202020202020203010100000000010011213141516171819110a1b1c120e1f0d1f1ffda0008010000013f104ff015fc7a4728c79cea25b1f0fc77ff000166899711c2247f0a64ae58e185b88a78ff00250151254b2ceefc1460ed307e04857300b0af304229dc22f29ed9a9925b2bfc2c31bc22881063d42b2f3f853f85a42602d7a45374d5f329ca77f8286e1ff0154afc30256606dea142d40794a19152002e66a9c6c95c2b05b1c106159a591f7c7cc60c0aae8813099e98904612bf0304584087ee0313b56ba98ba7925218f04402d89633f134c3c18ff685e0605806838cf7e2676e10b59514ba1438ab0f35a948d5b82a2e2b606f330ba5f266e5252c58a5e9534c4a5f31864ce232e21aafdab1d52fdcf20f114516b384254289e996932be653c652d1b95c35a7c40c800e5e2aba1eebccb0248b57a33d00ac3989700b8dc6c6174a29d8bdba398467b0406a00028a494594941e3fc06d12a234fb897f85f165996517502ee270e60611b0c1c878d959f1040205466ed2b82ef57e665c5ddb137ce6f6fd422d801a3bf52a986de797d328e015b5dc46dd3b8f1794566cdee0fe4bf98cb4c08a09e5dc1590fe2296b0165ea516ac1ab90711c8642a957bff0070718676d6d5677a890c089c052f33698c37542c52e9b562c7d6c220e3b364f70d0bd4ce46c0b7df98768cd253f8b4e230f84792b5542c315e27002f717805d82eaf07ee52963b83534a7256ba80a6e427554fea004b8ab1e87fec4cb0285843bbe2a1648c96d568be43cc72c543a017758ffb12da80c860654fc5d7b8f9b017caa04da5a962cab09642260639cccff51c7f0c9e60dd1146c8b9b312dcac5280b5741033cb5a1e836348e46e55fa9381d36e2ae25c6de20e5dd78c4158e66d442db8bd58305051946cbffd9ce027ce3334c2fa6ce8f9969f8a9768010eb24a5c8a6c1603dd3329e25a00dbcb006a7783c84335a81fe8ce545a2bce270994b1000bb446702f999c3307996a99f880e636f2ca4f00e0eb88f011872c4195580c2dcf99b81248ec00e3776e5969668001e82240f282d793d4b36cb4d90fab8d97a14a55d3b8031bde8ee28e4752e86631a820eaab9ffc9ac55700e2dfa3f7121d1bbb15fd96bf514aae816db59fd6231cad02bc5d90a70353bcdb14e742a74fec7ee27968ef16ddc1e6a3d9939b7bdca22266ae4d5fa8d8d047b81e88b313320dba2c5583c0d3f5021f24a8b7b19584633473cde7500140dad0262fa0d35cc1ce8c2947defd4a07c88f4d5c2957f32cc9831a5d97cff52892b048ba06d5f089c01cf2eb9f77f70779c2fbc45dd65370b4196cefa859c0b1284475889a350258212882c507a89aecaddc733164e930ccfb8f36228fe63cdb97bcd3bf884a6da95663c61fd4c1aacee158d1bb3a94f8a4e72d7464fb8c704d5ecfaf1103d415135b52ef3dccb86cc02deb558c78966156bdd5ce48e95a60069400b370692f228e3e49623345553ee8fdee2c1cc974c72030127b0205f7a9985700dbfa86137e2efea6447de4fe223760d80fdd401d8ecb6e45f5532c3608ca0d7c3160a35c59e37b95d5820b43c7896a090dcb438dfa82b11563e7143667e772a0c14a653a1f3bf304870539a984e964bdc036bf126ba00a03ee646290a76c7b801400dd8cd6df3a8a43004a4bbc0b59e1214aa4140132b2f6198251b222a9694569b27485dd87e5951451e05455ebee59e7fc442aa933dd3df306f7e822392b8e6332c5ac4ecd4b66eab5ed2c030b8865058198534dff005e6625e962c6721e5e481a000c88de2b4367cb1adb7a9f211cabcf5186878d91496af6ef79a2269379c0facbfb944d68e401ea154e466134699ff9c0a7c446f4d71037994b8dcc993e4dca2e9f04a5c9ec2214be1c788850559cc445204395c041e8610575d6743ef89b6820d74682ae75641bb28ade6a966308732ac31160098b737e6223a30e4326735add44a5f0941ac21bbb39cc31564d2603f0d0fccb0de665bb65bc60965cc1dff872503bd09deead5ca0de50b6956ee030275d436c10e4cd3cd832e3d21371c51a0704bcb980961b1afd4ac7f00d5cb931fa4a088055419bf32d83382c7dcccf46c3b36577cde22c7722406579589ba36c509d8468e3cf89b2a45180073cd772f12d8b5680a673c3b86a038b7d104152d6956ba99528c66ecf83162988936307aa802c9aeb84ad42b9c1bb383e608e89660d7c618461aed53eea0a7016147ee1b650cd801b315e66a916dc0bf96e6f58659e8046a544bb908a3d6ed635c494ab79aad45bbeed6644bef0af107bb61c3dc6bf1412782c8b4e0a38463ed64566a070f77eee6828036fc3577286d8a5111f33cc006caf1ab8904a25459405aee612a713c94a36f88dbb10cbf0c457366f4c1ce62eabd582be497b970069919be9a224262ba777e6377802d623282ee7c9bf873075fdc455a0b5bbbe2e00010557a90559eef8656289d1ab8363ee5980b0e55db55c505071500a48146d5b5cd1c5ddd6e0b275cde2ef0d52d9a68cb381c88ca001455f4510801d8c41e7daf1fb829730485fa16fd0b17c32ad83d96eb7bfd6a2053eb00512f3d4c10ab806b1f5982e1ec557cc0455d974ebb257a4bc864796363ad827f2e67fffd9, 'shannon', '1'), ('9', 'zilvi', '$2y$10$MmIxMWNmNjM5MzY1ZjFiNOAQp2hpi7Zn2oxSCfViEMRo.MpbBLp3G', 'Zilvinas', 'Pikelis', 'Male', '1990-06-02', '12 Baker Street', 'Peterborough', 'PR3 A33', 'info@mrzilvi.net', '07989139133', 'I want to be able to run a marathon by the end of year.\r\n', null, 'jake', '1');
COMMIT;

SET FOREIGN_KEY_CHECKS = 1;
